marca,produto,medida,medida_na_origem,preco_loja_origem_usd,sku_origem,loja_origem
Lattafa,Khamrah,100 ml,,49.99,6291108737194,https://www.lattafa-usa.com
Lattafa,Khamrah Dukhan,100 ml,,49.99,6290362342373,https://www.lattafa-usa.com
Lattafa,Khamrah Qahwa,100 ml,,49.99,6290360593661,https://www.lattafa-usa.com
Lattafa,Khamrah Waha,100 ml,,49.99,6290362349730,https://www.lattafa-usa.com
Lattafa,Asad,12 ml travel,,14.99,6290362344957,https://www.lattafa-usa.com
Lattafa,Asad,100 ml,,44.99,6291108735411,https://www.lattafa-usa.com
Lattafa,Asad Elixir,100 ml,,49.99,6290362346548,https://www.lattafa-usa.com
Lattafa,Asad Zanzibar,100 ml,,44.99,6290360598666,https://www.lattafa-usa.com
Lattafa,Yara,10 ml roll on,,14.99,6290362342496,https://www.lattafa-usa.com
Lattafa,Yara,12 ml travel,,16.99,6290362344933,https://www.lattafa-usa.com
Lattafa,Yara,20 ml óleo concentrado,,29.99,6290362345688,https://www.lattafa-usa.com
Lattafa,Yara,50 ml,,19.99,6295199793930,https://www.lattafa-usa.com
Lattafa,Yara,100 ml,,44.99,6291108730515,https://www.lattafa-usa.com
Lattafa,Yara,,,49.99,6291108736982,https://www.lattafa-usa.com
Lattafa,Yara All Over Spray,150 ml,,24.99,6290362345114,https://www.lattafa-usa.com
Lattafa,Yara Candy,100 ml,,44.99,6290360599168,https://www.lattafa-usa.com
Lattafa,Yara Candy,20 ml óleo concentrado,,29.99,6290362345718,https://www.lattafa-usa.com
Lattafa,Yara Elixir,100 ml,,49.99,6290362346531,https://www.lattafa-usa.com
Lattafa,Yara Moi,20 ml óleo concentrado,,29.99,6290362345701,https://www.lattafa-usa.com
Lattafa,Yara Moi,100 ml,,44.99,6290360591421,https://www.lattafa-usa.com
Lattafa,Yara Perfume Mist,250 ml,,29.99,6290362348757,https://www.lattafa-usa.com
Lattafa,Yara Tous,100 ml,,44.99,6290360594552,https://www.lattafa-usa.com
Lattafa,Yara Tous,20 ml óleo concentrado,,29.99,6290362345695,https://www.lattafa-usa.com
Lattafa,Yara Tous Perfume Mist,250 ml,,29.99,6290362348764,https://www.lattafa-usa.com
Lattafa,Fakhar All Over Spray,150 ml,,24.99,6290362345060,https://www.lattafa-usa.com
Lattafa,Fakhar Black,100 ml,,44.99,6291107456058,https://www.lattafa-usa.com
Lattafa,Fakhar Extrait,100 ml,,44.99,6290360593166,https://www.lattafa-usa.com
Lattafa,Fakhar Perfume Mist,250 ml,,29.99,6290362348818,https://www.lattafa-usa.com
Lattafa,Fakhar Platin,100 ml,,44.99,6290362345817,https://www.lattafa-usa.com
Lattafa,Fakhar Women,100 ml,,44.99,6291107456041,https://www.lattafa-usa.com
Lattafa,Haya,100 ml,,44.99,6291108738504,https://www.lattafa-usa.com
Lattafa,Haya All Over Spray,150 ml,,24.99,6290362345077,https://www.lattafa-usa.com
Lattafa,Haya Perfume Mist,250 ml,,29.99,6290362348795,https://www.lattafa-usa.com
Lattafa,Hayaati Al Maleky,100 ml,,29.99,6291108734056,https://www.lattafa-usa.com
Lattafa,Hayaati Gold Elixir,100 ml,,29.99,6291107457895,https://www.lattafa-usa.com
Lattafa,Emaan,100 ml,,39.99,6291108738498,https://www.lattafa-usa.com
Lattafa,Teriaq,100 ml,,49.99,6290360595764,https://www.lattafa-usa.com
Lattafa,Teriaq Intense,100 ml,,49.99,6290360595771,https://www.lattafa-usa.com
Lattafa,Teriaq Perfume Mist,250 ml,,29.99,6290362348863,https://www.lattafa-usa.com
Lattafa,Ana Abiyedh Coral,60 ml,,39.99,6290362341826,https://www.lattafa-usa.com
Lattafa,Ana Abiyedh Leather,60 ml,,24.99,6291107454429,https://www.lattafa-usa.com
Lattafa,Ana Abiyedh Passion,60 ml,,49.99,6290362349723,https://www.lattafa-usa.com
Lattafa,Ana Abiyedh Scarlet,60 ml,,39.99,6290362349938,https://www.lattafa-usa.com
Lattafa,Badee Al Oud Amethyst,100 ml,,44.99,6291108733875,https://www.lattafa-usa.com
Lattafa,Badee Al Oud Amethyst Fusion,100 ml,,49.99,6298043160056,https://www.lattafa-usa.com
Lattafa,Badee Al Oud Glory,,,49.99,6290360599984,https://www.lattafa-usa.com
Lattafa,Badee Al Oud Glory,100 ml,,39.99,6291107458328,https://www.lattafa-usa.com
Lattafa,Badee Al Oud Honor And Glory,100 ml,,44.99,6290360593135,https://www.lattafa-usa.com
Lattafa,Badee Al Oud Noble Blush,100 ml,,44.99,6290360599441,https://www.lattafa-usa.com
Lattafa,Badee Al Oud Noble Blush Perfume Mist,250 ml,,29.99,6290362348849,https://www.lattafa-usa.com
Lattafa,Badee Al Oud Sublime,100 ml,,39.99,6290360593142,https://www.lattafa-usa.com
Lattafa,Badee Al Oud Sublime All Over Spray,150 ml,,24.99,6290362345046,https://www.lattafa-usa.com
Armaf,Club de Nuit Iconic,200 ml,6.8 oz,65.00,35187,https://www.armaf.com
Armaf,Club de Nuit Iconic,105 ml,3.6 oz,50.00,34768,https://www.armaf.com
Armaf,Club de Nuit Iconic,30 ml,1 oz,30.00,311854,https://www.armaf.com
Armaf,Club de Nuit Iconic,10 ml,0.34 oz,15.00,35718,https://www.armaf.com
Armaf,Club de Nuit Imperiale,200 ml,6.8 oz,65.00,35186,https://www.armaf.com
Armaf,Club de Nuit Imperiale,105 ml,3.6 oz,50.00,34769,https://www.armaf.com
Armaf,Club de Nuit Imperiale,10 ml,0.34 oz,15.00,35720,https://www.armaf.com
Armaf,Club de Nuit Intense Man,200 ml,6.8 oz,65.00,31210,https://www.armaf.com
Armaf,Club de Nuit Intense Man,30 ml,1.0 oz,30.00,311476,https://www.armaf.com
Armaf,Club de Nuit Intense Man,250 ml,8.45 oz,80.00,313280,https://www.armaf.com
Armaf,Club de Nuit Intense Man Limited Edition (with Cufflinks),105 ml,3.6 oz,75.00,36513,https://www.armaf.com
Armaf,Club de Nuit Intense Man Limited Edition (with Cufflinks),10 ml,0.34 oz,15.00,312831,https://www.armaf.com
Armaf,Club de Nuit Intense Man Perfume Body Spray,250 ml,8.5 oz,15.00,36174,https://www.armaf.com
Armaf,Club de Nuit Intense Man Pure Parfum,150 ml,5 oz,55.00,33384,https://www.armaf.com
Armaf,Club de Nuit Intense Overdose,105 ml,3.6 oz,70.00,314123,https://www.armaf.com
Armaf,Club de Nuit Intense Woman,250 ml,8.4 oz,15.00,30729,https://www.armaf.com
Armaf,Club de Nuit Man,105 ml,3.6 oz,45.00,21544,https://www.armaf.com
Armaf,Club de Nuit Man,10 ml,0.34 oz,15.00,26935,https://www.armaf.com
Armaf,Club de Nuit Milestone,200 ml,6.8 oz,70.00,35877,https://www.armaf.com
Armaf,Club de Nuit Oud,105 ml,3.6 oz,65.00,36097,https://www.armaf.com
Armaf,Club de Nuit Precieux 1 Extrait de Parfum,55 ml,1.85 oz,70.00,311614,https://www.armaf.com
Armaf,Club de Nuit Private Key To My Dreams,105 ml,3.6 oz,65.00,35210,https://www.armaf.com
Armaf,Club de Nuit Private Key To My Life,100 ml,3.4 oz,65.00,35211,https://www.armaf.com
Armaf,Club de Nuit Private Key To My Love,100 ml,3.4 oz,65.00,35212,https://www.armaf.com
Armaf,Club de Nuit Private Key To My Soul,100 ml,3.4 oz,65.00,36482,https://www.armaf.com
Armaf,Club de Nuit Private Key To My Success,100 ml,3.4 oz,65.00,35209,https://www.armaf.com
Armaf,Club de Nuit Sillage,250 ml,8.45 oz,80.00,313282,https://www.armaf.com
Armaf,Club de Nuit Untold,200 ml,6.8 oz,65.00,35188,https://www.armaf.com
Armaf,Club de Nuit Untold,105 ml,3.6 oz,50.00,34770,https://www.armaf.com
Armaf,Club de Nuit Untold,30 ml,1 oz,30.00,311477,https://www.armaf.com
Armaf,Club de Nuit Untold,10 ml,0.34 oz,15.00,35717,https://www.armaf.com
Armaf,Club de Nuit Urban Man,105 ml,3.6 oz,45.00,28355,https://www.armaf.com
Armaf,Club de Nuit Urban Man Elixir,105 ml,3.6 oz,50.00,34432,https://www.armaf.com
Armaf,Club de Nuit Urban Man Elixir,30 ml,1.0 oz,30.00,35716,https://www.armaf.com
Armaf,Club de Nuit Urban Man Elixir,10 ml,0.34 oz,15.00,35722,https://www.armaf.com
Armaf,Club de Nuit Urban Man Elixir,250 ml,8.45 oz,75.00,313281,https://www.armaf.com
Armaf,Club de Nuit Woman,200 ml,6.8 oz,65.00,33274,https://www.armaf.com
Armaf,Club de Nuit Woman,105 ml,3.6 oz,45.00,21545,https://www.armaf.com
Armaf,Club de Nuit Woman,30 ml,1 oz,35.00,311475,https://www.armaf.com
Armaf,Club de Nuit Woman,250 ml,8.45 oz,80.00,313278,https://www.armaf.com
Armaf,Club de Nuit Woman,10 ml,0.34 oz,15.00,26945,https://www.armaf.com
Anua,Heartleaf 77 Soothing Toner,250 ml,,23.00,AA002700,https://anua.com
Anua,Heartleaf 77 Soothing Toner,500 ml,,34.50,AA000051,https://anua.com
Anua,Heartleaf Pore Cleansing Oil Mild,,,20.00,AA000357,https://anua.com
Anua,Heartleaf Quercetinol Pore Deep Cleansing Foam,,,20.00,AA000070,https://anua.com
Anua,Niacinamide 10 TXA 4 Serum for Brightening and Dark Spots,10 ml,,0.00,AA000508,https://anua.com
Anua,Niacinamide 5 TXA Brightening Pad,,,23.00,AA000514,https://anua.com
Anua,Niacinamide 5 TXA Brightening Pad (10ea),,,0.00,AA000650,https://anua.com
Anua,Niacinamide Tranexamic Acid Brightening Booster Toner,,,21.00,AA001327,https://anua.com
Anua,Peach 70% Niacinamide Serum,,,22.00,AA000039,https://anua.com
Anua,Peach 77 Niacin Conditioning Milk,,,25.00,AA000172,https://anua.com
Anua,Peach 77 Niacin Enriched Cream,,,26.00,AA000178,https://anua.com
Anua,Peach 77 Niacin Essence Toner,,,25.00,AA000165,https://anua.com
Anua,Rice 70 Glow Collagen Mask,,,22.00,AA000366,https://anua.com
Anua,Rice 70 Glow Milky Toner,,,23.00,AA000138,https://anua.com
Anua,Rice 70 Intensive Moisturizing Milk,,,20.00,AA000209,https://anua.com
Anua,Azelaic 10 Hyaluron Redness Soothing Pad,,,23.00,AA000555,https://anua.com
Anua,Azelaic 3 Cica Skin Clarifying Toner,,,21.00,AA000886,https://anua.com
Anua,Azelaic Acid 10 Hyaluron Redness Soothing Serum,10 ml,,0.00,AA000744,https://anua.com
Anua,Azelaic Acid CICA Skin Soothing Moisturizer,,,19.00,AA001290,https://anua.com
Anua,PDRN 100 Hyaluronic Acid Booster Toner,40 ml,,0.00,AA001069,https://anua.com
Anua,PDRN 100 Hyaluronic Acid Glow Pad,,,23.00,AA000552,https://anua.com
Anua,PDRN 100 Hyaluronic Acid Glow Pad (10ea),,,0.00,AA000818,https://anua.com
Anua,PDRN Collagen Glow Facial Serum Spray,,,29.00,AA002137,https://anua.com
Anua,PDRN Collagen Glow Facial Serum Spray Mini,,,20.00,AA001321,https://anua.com
Anua,PDRN Collagen Melting Patch For Glass Skin 4ea,,,20.00,AA001312,https://anua.com
Anua,PDRN Collagen Melting Patch For Neck 4ea,,,20.00,AA001313,https://anua.com
Anua,PDRN Hyaluronic Acid 100 Moisturizing Cream,30 ml,,0.00,AA001073,https://anua.com
Medicube,Zero Pore Blackhead Deep Cleansing Oil,,,27.00,PMEUS60020R01,https://medicube.us
Medicube,Zero Pore Blackhead Mud Mask,,,20.00,PMEUS60018R00,https://medicube.us
Medicube,Zero Pore Capsule Cleansing Foam,,,26.00,PMEUS60011A01,https://medicube.us
Medicube,Zero Pore Cooling Mask,2 masks,,6.00,KUSMEA0613,https://medicube.us
Medicube,Zero Pore Cooling Mask,,,60.00,KUSMEA0610,https://medicube.us
Medicube,Zero Pore Cooling Mask (1EA),,,6.00,PMEKR02041,https://medicube.us
Medicube,Zero Pore Cooling Stick,,,9.99,SMEKR77045,https://medicube.us
Medicube,Zero Pore Deep Cleansing Oil,20 ml,,5.00,SMEKR66024R00,https://medicube.us
Medicube,Zero Pore Madecassoside Pads (Mild),,,31.00,PMEUS60003A00,https://medicube.us
Medicube,Zero Pore One Day Serum,10 ml,,10.00,SMEKR77063,https://medicube.us
Medicube,Zero Pore One-day Cream,,,39.00,PMEUS60008A00,https://medicube.us
Medicube,Zero Pore One-day Peptide Serum,,,40.00,PMEUS60019R00,https://medicube.us
Medicube,Zero Pore Pads,,,31.00,PMEUS10002A00,https://medicube.us
Medicube,Zero Pore Pads 2.0,,,31.00,PMEUS10002A00,https://medicube.us
Medicube,Zero Pore Peeling Pads (8ea),,,19.00,KUSMEA1846,https://medicube.us
Medicube,Zero Pore Toner,,,21.00,PMEKR60009R00,https://medicube.us
Medicube,Amazon’s #1 Beauty Brand | Collagen Night Wrapping Mask,,,15.20,,https://medicube.us
Medicube,Amazon’s #1 Beauty Brand | PDRN Pink Collagen Capsule Cream,,,16.90,,https://medicube.us
Medicube,Collagen Glow Booster Milk Serum,,,28.00,PMEUS61012R00,https://medicube.us
Medicube,Collagen Glow Bubble Serum,,,43.00,PMEUS61003A01,https://medicube.us
Medicube,Collagen Glow Sunscreen,10 ml,,10.00,SMEUS66003R00,https://medicube.us
Medicube,Collagen Milky Glow Daytime Wrapping Mask,,,24.00,PMEUS61005A01,https://medicube.us
Medicube,Collagen Niacinamide Jelly Cream,,,39.00,PMEUS10003A00,https://medicube.us
SKIN1004,Centella Ampoule,100 ml,,8.80,USSKA043,https://skin1004.com
SKIN1004,Centella Ampoule Foam,20 ml,,4.00,USSKL006,https://skin1004.com
SKIN1004,Centella Ampoule Foam,125 ml,,12.60,USSKL011,https://skin1004.com
SKIN1004,Centella Light Cleansing Oil,30 ml,,5.50,USSKL004,https://skin1004.com
SKIN1004,Centella Light Cleansing Oil,200 ml,,18.90,USSKL009,https://skin1004.com
SKIN1004,Centella Cream,30 ml,,6.30,USSKC011,https://skin1004.com
SKIN1004,Centella Soothing Cream,30 ml,,5.25,USSKC028,https://skin1004.com
SKIN1004,Centella Toning Toner,30 ml,,5.00,USSKT005,https://skin1004.com
SKIN1004,Centella Toning Toner,210 ml,,16.20,USSKT007,https://skin1004.com
SKIN1004,Centella Toning Toner,400 ml,,23.40,USSKT008,https://skin1004.com
SKIN1004,Centella Air-Fit Suncream Light,50 ml,,15.30,KRSKS006,https://skin1004.com
SKIN1004,Centella Air-Fit Suncream Plus,50 ml,,16.20,KRSKS007,https://skin1004.com
SKIN1004,Hyalu-Cica Blue Serum,30 ml,,14.00,USSKA017,https://skin1004.com
SKIN1004,Hyalu-Cica Blue Serum,50 ml,,19.80,USSKA034,https://skin1004.com
SKIN1004,Hyalu-Cica Brightening Toner,30 ml,,6.00,USSKT006,https://skin1004.com
SKIN1004,Hyalu-Cica Brightening Toner,210 ml,,18.00,USSKT013,https://skin1004.com
SKIN1004,Hyalu-Cica Cloudy Mist,120 ml,,19.80,USSKT002,https://skin1004.com
SKIN1004,Hyalu-Cica First Ampoule,100 ml,,20.70,USSKA035,https://skin1004.com
SKIN1004,Hyalu-Cica First Ampoule,50 ml,,14.85,USSKA036,https://skin1004.com
SKIN1004,Hyalu-Cica Gentle Cleansing Milk,200 ml,,18.00,KRSKL011,https://skin1004.com
SKIN1004,Hyalu-Cica Hydrating Mask,23 ml,,3.00,USSKM020,https://skin1004.com
SKIN1004,Hyalu-Cica Jelly-Fit Ampoule Pad,60ea,,18.90,USSKM023,https://skin1004.com
SKIN1004,Hyalu-Cica Moisture Cream,75 ml,,18.90,USSKC020,https://skin1004.com
SKIN1004,Hyalu-Cica Moisture Cream,30 ml,,9.00,USSKC022,https://skin1004.com
SKIN1004,Hyalu-Cica Silky-Fit Sun Stick,7 g,,8.10,KRSKS003,https://skin1004.com
SKIN1004,Hyalu-Cica Silky-Fit Sun Stick,20 g,,15.20,KRSKS012,https://skin1004.com
SKIN1004,Hyalu-Cica Sleeping Pack,30 ml,,7.00,USSKM006,https://skin1004.com
SKIN1004,Hyalu-Cica Sleeping Pack,100 ml,,17.10,USSKM019,https://skin1004.com
SKIN1004,Hyalu-Cica Water-Fit Sun Serum,15 ml,,8.00,KRSKS004,https://skin1004.com
SKIN1004,Hyalu-Cica Water-Fit Sun Serum,50 ml,,15.20,KRSKS014,https://skin1004.com
SKIN1004,Hyalu-Cica Water-Fit Sun Serum,,,22.95,KRSKS015,https://skin1004.com
SKIN1004,Hyalu-Cica Water-Fit Sun Serum,100 ml,,22.10,KRSKS013,https://skin1004.com
SKIN1004,Hyalu-Cica Water-Fit Sun Serum UV,50 ml,,15.20,USSKS001,https://skin1004.com
SKIN1004,Hyalu-Cica Water-Fit Sun Serum UV,,,22.95,USSKS004,https://skin1004.com
SKIN1004,Tea-Trica B5 Cream,75 ml,,18.90,USSKC005,https://skin1004.com
SKIN1004,Tea-Trica BHA Foam,125 ml,,13.50,USSKL014,https://skin1004.com
SKIN1004,Tea-Trica Mild Peeling Gel,125 ml,,16.20,KRSKL008,https://skin1004.com
SKIN1004,Tea-Trica Purifying Toner,210 ml,,18.00,USSKT010,https://skin1004.com
